{
    "LogisticRegression(random_state=0, solver='lbfgs')": {
        "toxic": {
            "TN": 47306,
            "FP": 270,
            "FN": 2023,
            "TP": 3060,
            "Recall": 0.6020066889632107,
            "AUC": 0.9684882166726804
        },
        "severe_toxic": {
            "TN": 52033,
            "FP": 100,
            "FN": 390,
            "TP": 136,
            "Recall": 0.2585551330798479,
            "AUC": 0.9827775609604537
        },
        "obscene": {
            "TN": 49672,
            "FP": 156,
            "FN": 1047,
            "TP": 1784,
            "Recall": 0.630166019074532,
            "AUC": 0.9845243086588759
        },
        "threat": {
            "TN": 52502,
            "FP": 5,
            "FN": 137,
            "TP": 15,
            "Recall": 0.09868421052631579,
            "AUC": 0.9822084499009155
        },
        "insult": {
            "TN": 49711,
            "FP": 305,
            "FN": 1308,
            "TP": 1335,
            "Recall": 0.5051078320090806,
            "AUC": 0.9756447214227807
        },
        "identity_hate": {
            "TN": 52155,
            "FP": 33,
            "FN": 392,
            "TP": 79,
            "Recall": 0.16772823779193205,
            "AUC": 0.9780763838137376
        },
        "Mean AUC": 0.9786199402382407
    }
}